level,ep,seed,makespan,done,total,reward,soft,hardExecuted,hardMask,travel,setup,move
L3_4C36L,1,101,363.538,36,36,386.04400968551636,9,0,35,16.519985912374594,130.0,165.199859123746
L3_4C36L,2,102,292.714,36,36,381.19567584991455,13,0,13,14.347747186382147,120.0,143.47747186382145
L3_4C36L,3,103,506.687,36,36,350.68599939346313,5,0,47,27.713341367945976,230.0,277.1334136794598
L3_4C36L,4,104,288.11,36,36,377.230504989624,13,0,4,14.231630866837689,140.0,142.3163086683769
L3_4C36L,5,105,448.667,36,36,354.10035133361816,14,0,36,12.998831596438093,170.0,129.98831596438092
L3_4C36L,6,106,368.271,36,36,378.10086822509766,10,0,28,26.33044016958859,140.0,263.30440169588593
L3_4C36L,7,107,322.009,36,36,348.42585468292236,22,0,18,25.247153680113016,130.0,252.47153680113007
L3_4C36L,8,108,339.733,36,36,371.88811779022217,10,0,18,13.706278141710898,170.0,137.062781417109
L3_4C36L,9,109,634.027,36,36,345.44413328170776,8,0,102,28.51956162806895,200.0,285.1956162806894
L3_4C36L,10,110,311.925,36,36,356.598002910614,16,0,15,11.339986341476868,170.0,113.39986341476869
L3_4C36L,11,101,388.725,36,36,404.3181037902832,2,0,37,12.272987624186857,140.0,122.7298762418686
L3_4C36L,12,102,345.135,36,36,377.47154712677,11,0,22,18.428194937888613,140.0,184.28194937888614
L3_4C36L,13,103,509.92,36,36,359.2382707595825,2,0,47,29.205757295573846,230.0,292.05757295573846
L3_4C36L,14,104,303.821,36,36,400.2579641342163,7,0,9,17.473433155345113,120.0,174.73433155345117
L3_4C36L,15,105,480.231,36,36,346.93940353393555,10,0,59,16.86865653901742,210.0,168.6865653901742
L3_4C36L,16,106,369.879,36,36,371.7654047012329,6,0,19,34.11531994561131,180.0,341.15319945611316
L3_4C36L,17,107,411.911,36,36,374.5058927536011,7,0,45,21.647034790393963,170.0,216.47034790393965
L3_4C36L,18,108,415.213,36,36,355.9814305305481,9,0,32,23.39521925616371,200.0,233.9521925616372
L3_4C36L,19,109,344.252,36,36,373.87403106689453,13,0,33,25.41987640135905,130.0,254.1987640135905
L3_4C36L,20,110,376.6,36,36,370.80250453948975,7,0,25,13.991645885153346,190.0,139.91645885153346
L3_4C36L,21,101,398.794,36,36,381.25144958496094,4,0,28,17.495142330704443,180.0,174.95142330704448
L3_4C36L,22,102,319.856,36,36,358.93367290496826,15,0,14,21.887771265779552,160.0,218.87771265779554
L3_4C36L,23,103,453.771,36,36,359.1169080734253,4,0,32,29.610292143837945,220.0,296.10292143837944
L3_4C36L,24,104,448.935,36,36,365.3821382522583,7,0,24,25.3928955506102,190.0,253.9289555061019
L3_4C36L,25,105,464.081,36,36,356.6769096851349,11,0,28,14.410278367054996,180.0,144.10278367054997
L3_4C36L,26,106,334.773,36,36,352.996395111084,20,0,20,23.34534732937872,130.0,233.4534732937871
L3_4C36L,27,107,496.81,36,36,363.54361486434937,5,0,45,24.85461282446147,200.0,248.54612824461472
L3_4C36L,28,108,316.816,36,36,350.4701404571533,14,0,9,21.766209264114,190.0,217.66209264114002
L3_4C36L,29,109,339.495,36,36,353.65644884109497,15,0,23,17.81184325715644,170.0,178.11843257156443
L3_4C36L,30,110,293.766,36,36,390.3549613952637,7,0,8,8.816785790963904,150.0,88.16785790963904
L3_4C36L,31,101,385.518,36,36,359.24441480636597,11,0,36,32.51861053779227,170.0,325.1861053779227
L3_4C36L,32,102,304.672,36,36,381.7562026977539,12,0,11,14.145989280908093,130.0,141.45989280908097
L3_4C36L,33,103,439.809,36,36,341.93745136260986,8,0,26,28.541838625610435,240.0,285.4183862561043
L3_4C36L,34,104,781.326,36,36,344.95558643341064,5,0,100,33.48137968170196,200.0,334.8137968170196
L3_4C36L,35,105,374.408,36,36,362.76101207733154,6,0,26,14.129957151750306,220.0,141.29957151750307
L3_4C36L,36,106,333.469,36,36,351.70118284225464,16,0,15,30.996066914393786,160.0,309.96066914393793
L3_4C36L,37,107,353.575,36,36,377.7542972564697,10,0,20,20.819013522935403,150.0,208.19013522935407
L3_4C36L,38,108,292.094,36,36,395.35132789611816,5,0,9,20.495559770185785,150.0,204.95559770185787
L3_4C36L,39,109,464.28,36,36,337.034704208374,13,0,65,33.21765502959739,200.0,332.1765502959738
L3_4C36L,40,110,293.551,36,36,369.04760932922363,12,0,11,11.507972903753629,170.0,115.0797290375363
L3_4C36L,41,101,436.621,36,36,380.8379211425781,4,0,48,25.54025284635209,170.0,255.40252846352087
L3_4C36L,42,102,330.718,36,36,372.58545112609863,12,0,25,19.71516653420861,150.0,197.1516653420861
L3_4C36L,43,103,437.7,36,36,350.014368057251,8,0,29,26.618775521097596,220.0,266.1877552109759
L3_4C36L,44,104,410.467,36,36,374.94417333602905,9,0,24,20.186119631324694,160.0,201.8611963132469
L3_4C36L,45,105,411.293,36,36,354.6610643863678,7,0,38,14.463123632202475,220.0,144.63123632202473
L3_4C36L,46,106,376.596,36,36,353.20161533355713,8,0,15,24.32793969359666,220.0,243.2793969359666
L3_4C36L,47,107,496.201,36,36,328.45250034332275,14,0,48,25.158329998559616,220.0,251.5832999855961
L3_4C36L,48,108,343.656,36,36,360.0282039642334,10,0,11,19.90598522536256,200.0,199.05985225362565
L3_4C36L,49,109,419.162,36,36,344.0669193267822,16,0,42,26.443609193273872,170.0,264.4360919327387
L3_4C36L,50,110,292.174,36,36,379.1601753234863,10,0,3,11.13276158626204,160.0,111.32761586262038
L3_4C36L,51,101,387.253,36,36,340.59626293182373,12,0,26,31.345790147920525,210.0,313.4579014792052
L3_4C36L,52,102,344.155,36,36,384.4594669342041,9,0,25,21.801782340875977,140.0,218.01782340875982
L3_4C36L,53,103,458.513,36,36,364.6020426750183,3,0,28,21.326534848756317,220.0,213.26534848756313
L3_4C36L,54,104,342.529,36,36,372.6938877105713,12,0,8,24.353694536293865,150.0,243.53694536293867
L3_4C36L,55,105,376.374,36,36,375.2163734436035,7,0,35,14.278745615392628,180.0,142.78745615392629
L3_4C36L,56,106,402.285,36,36,367.5275297164917,8,0,29,34.90824023618095,170.0,349.0824023618095
L3_4C36L,57,107,497.309,36,36,366.43146800994873,6,0,42,38.56176689828444,180.0,385.6176689828444
L3_4C36L,58,108,425.293,36,36,362.1562008857727,7,0,30,22.812678010359196,200.0,228.12678010359195
L3_4C36L,59,109,486.214,36,36,371.9910225868225,6,0,52,20.02992071848793,170.0,200.2992071848793
L3_4C36L,60,110,324.992,36,36,370.11009216308594,9,0,11,17.966358224688122,180.0,179.66358224688122
L3_4C36L,61,101,364.764,36,36,372.9466037750244,7,0,28,20.17797818254562,180.0,201.77978182545618
L3_4C36L,62,102,339.222,36,36,358.9332265853882,14,0,16,18.555910523437028,170.0,185.55910523437032
L3_4C36L,63,103,437.283,36,36,329.88267612457275,11,0,34,32.057731581135045,240.0,320.57731581135056
L3_4C36L,64,104,385.035,36,36,386.3160209655762,10,0,25,25.61326539093249,120.0,256.13265390932486
L3_4C36L,65,105,418.118,36,36,354.8979730606079,11,0,34,20.340087727729724,190.0,203.40087727729718
L3_4C36L,66,106,443.001,36,36,351.1230001449585,13,0,34,32.92333271517386,170.0,329.2333271517386
L3_4C36L,67,107,378.198,36,36,336.8633108139038,20,0,31,23.788957777278746,170.0,237.88957777278742
L3_4C36L,68,108,340.527,36,36,340.03376054763794,18,0,19,19.887441421147987,180.0,198.87441421147983
L3_4C36L,69,109,388.82,36,36,346.69830322265625,11,0,39,22.672315037083525,210.0,226.72315037083519
L3_4C36L,70,110,359.472,36,36,367.7928466796875,7,0,15,19.02384028788046,200.0,190.23840287880458
L3_4C36L,71,101,400.157,36,36,395.66141271591187,3,0,34,17.795303538621777,150.0,177.95303538621783
L3_4C36L,72,102,339.743,36,36,379.28441619873047,14,0,21,15.718618497576033,120.0,157.18618497576034
L3_4C36L,73,103,398.466,36,36,343.2410717010498,12,0,32,29.196406136120878,210.0,291.96406136120873
L3_4C36L,74,104,323.812,36,36,356.81297302246094,15,0,17,15.623428111151238,170.0,156.2342811115124
L3_4C36L,75,105,411.618,36,36,359.57827854156494,10,0,30,14.739075733911086,190.0,147.39075733911085
L3_4C36L,76,106,447.883,36,36,342.4504246711731,13,0,54,21.831898778125794,200.0,218.31898778125793
L3_4C36L,77,107,432.615,36,36,355.4581742286682,9,0,38,18.472741292449186,200.0,184.72741292449186
L3_4C36L,78,108,344.491,36,36,340.8068256378174,14,0,19,25.643920128330283,210.0,256.4392012833028
L3_4C36L,79,109,439.576,36,36,349.57186365127563,13,0,84,18.093778106774977,180.0,180.93778106774974
L3_4C36L,80,110,339.45,36,36,387.53333473205566,5,0,18,11.555553360515255,170.0,115.55553360515255
L3_4C36L,81,101,384.615,36,36,393.14557456970215,3,0,27,19.514762632151108,160.0,195.1476263215111
L3_4C36L,82,102,348.745,36,36,363.70968437194824,10,0,11,15.96771639605017,190.0,159.67716396050167
L3_4C36L,83,103,484.838,36,36,367.14857244491577,4,0,43,22.838086988583676,200.0,228.38086988583677
L3_4C36L,84,104,339.387,36,36,396.2277088165283,8,0,23,14.240967559018655,120.0,142.40967559018654
L3_4C36L,85,105,405.281,36,36,342.0331287384033,11,0,16,16.556252962363224,230.0,165.56252962363223
L3_4C36L,86,106,425.144,36,36,350.1421766281128,7,0,35,36.19274841892044,220.0,361.92748418920445
L3_4C36L,87,107,433.535,36,36,343.9617614746094,14,0,54,20.127448939410087,190.0,201.27448939410093
L3_4C36L,88,108,312.059,36,36,345.92802143096924,16,0,7,15.239923154626968,190.0,152.39923154626968
L3_4C36L,89,109,488.001,36,36,359.96722197532654,6,0,72,26.775956284932633,200.0,267.75956284932636
L3_4C36L,90,110,385.117,36,36,359.418669462204,10,0,29,15.271091872558278,190.0,152.7109187255828
L3_4C36L,91,101,393.626,36,36,385.6275997161865,2,0,31,14.57468343828203,190.0,145.7468343828203
L3_4C36L,92,102,399.51,36,36,366.0390419960022,9,0,33,16.536519592516026,180.0,165.36519592516024
L3_4C36L,93,103,432.48,36,36,363.6266574859619,6,0,32,29.577813558741305,190.0,295.7781355874131
L3_4C36L,94,104,397.814,36,36,391.7400312423706,5,0,30,17.533221531142274,150.0,175.33221531142277
L3_4C36L,95,105,433.811,36,36,352.97282218933105,9,0,23,20.090591004183054,210.0,200.90591004183054
L3_4C36L,96,106,425.149,36,36,354.7158832550049,11,0,34,34.28040847326755,180.0,342.8040847326756
L3_4C36L,97,107,398.631,36,36,349.6456890106201,13,0,21,27.84771034629526,190.0,278.4771034629525
L3_4C36L,98,108,538.304,36,36,347.5586347579956,11,0,65,24.8045616201028,190.0,248.04561620102794
L3_4C36L,99,109,483.837,36,36,361.93677711486816,8,0,57,26.877419023707365,180.0,268.77419023707364
L3_4C36L,100,110,328.112,36,36,392.2409157752991,5,0,12,9.196929671321328,160.0,91.96929671321325
L3_4C36L,101,101,338.82,36,36,384.72406673431396,5,0,26,15.919787607098044,170.0,159.19787607098044
L3_4C36L,102,102,494.812,36,36,347.17571544647217,14,0,44,29.414292106195635,170.0,294.1429210619564
L3_4C36L,103,103,534.801,36,36,353.06205463409424,5,0,51,26.45981763412388,220.0,264.59817634123874
L3_4C36L,104,104,479.077,36,36,343.229651927948,14,0,42,22.56781244525982,190.0,225.6781244525982
L3_4C36L,105,105,464.211,36,36,348.5345320701599,15,0,39,21.551563712380084,170.0,215.51563712380081
L3_4C36L,106,106,348.272,36,36,380.1797981262207,13,0,37,22.733989657121004,110.0,227.33989657121006
L3_4C36L,107,107,448.787,36,36,372.21076679229736,4,0,38,25.96410279744017,190.0,259.6410279744017
L3_4C36L,108,108,347.543,36,36,346.9466714859009,15,0,15,28.511085820202013,180.0,285.1108582020201
L3_4C36L,109,109,497.114,36,36,356.8948974609375,10,0,42,23.683672501280597,180.0,236.83672501280594
L3_4C36L,110,110,329.523,36,36,388.4634714126587,9,0,22,8.455109526712153,140.0,84.55109526712155
L3_4C36L,111,101,404.447,36,36,380.3287601470947,4,0,37,18.90413434626557,180.0,189.0413434626557
L3_4C36L,112,102,438.062,36,36,349.78373098373413,12,0,54,20.720919327395436,190.0,207.20919327395438
L3_4C36L,113,103,433.034,36,36,358.93882942199707,7,0,23,20.20390135417539,210.0,202.03901354175386
L3_4C36L,114,104,298.051,36,36,372.3576374053955,13,0,7,15.474544868231307,150.0,154.74544868231305
L3_4C36L,115,105,416.468,36,36,359.628945350647,9,0,25,24.570181104182634,190.0,245.70181104182635
L3_4C36L,116,106,326.321,36,36,360.59568977355957,13,0,9,36.34770990658053,160.0,363.4770990658053
L3_4C36L,117,107,441.778,36,36,370.38742089271545,9,0,70,15.375276923234166,160.0,153.75276923234168
L3_4C36L,118,108,397.778,36,36,387.7696771621704,6,0,28,14.101077802004438,150.0,141.01077802004434
L3_4C36L,119,109,448.13,36,36,337.39200496673584,9,0,41,32.02664208436877,240.0,320.2664208436876
L3_4C36L,120,110,480.482,36,36,363.1967544555664,5,0,46,19.344136286342763,210.0,193.44136286342763
L3_4C36L,121,101,322.007,36,36,401.38490200042725,7,0,25,20.38364458059603,110.0,203.8364458059603
L3_4C36L,122,102,318.569,36,36,387.61231327056885,11,0,12,19.625625897447424,120.0,196.25625897447424
L3_4C36L,123,103,461.048,36,36,350.85122299194336,6,0,34,25.495919360316584,230.0,254.95919360316572
L3_4C36L,124,104,517.897,36,36,361.74715089797974,11,0,50,17.50949174533445,160.0,175.0949174533445
L3_4C36L,125,105,389.131,36,36,381.36996936798096,7,0,23,12.1001188951217,160.0,121.00118895121702
L3_4C36L,126,106,309.447,36,36,376.0082130432129,9,0,14,24.972635997116527,160.0,249.7263599711652
L3_4C36L,127,107,397.723,36,36,327.3288563489914,18,0,22,35.57045634606672,200.0,355.70456346066715
L3_4C36L,128,108,281.85,36,36,392.11253547668457,8,0,8,12.958218198141708,140.0,129.58218198141708
L3_4C36L,129,109,442.754,36,36,363.49330949783325,7,0,40,26.688954829277254,190.0,266.8895482927726
L3_4C36L,130,110,327.218,36,36,369.57606506347656,10,0,11,14.746450743884349,180.0,147.46450743884353
L3_4C36L,131,101,354.494,36,36,356.21075439453125,10,0,24,20.96415357177707,200.0,209.6415357177707
L3_4C36L,132,102,294.458,36,36,354.89045906066895,19,0,13,13.698472302911675,150.0,136.98472302911674
L3_4C36L,133,103,490.675,36,36,329.694082736969,8,0,38,34.35304598919036,260.0,343.5304598919037
L3_4C36L,134,104,384.656,36,36,392.76284313201904,7,0,29,14.12385698186154,130.0,141.2385698186154
L3_4C36L,135,105,447.855,36,36,361.48224544525146,6,0,37,15.05917573418245,210.0,150.5917573418245
L3_4C36L,136,106,365.622,36,36,370.62487411499023,10,0,22,24.583743794650985,160.0,245.83743794650982
L3_4C36L,137,107,540.751,36,36,351.44957447052,12,0,107,21.834755954894234,170.0,218.3475595489423
L3_4C36L,138,108,290.693,36,36,394.67051124572754,3,0,7,14.431630759162813,170.0,144.31630759162812
L3_4C36L,139,109,429.79,36,36,354.2039976119995,10,0,34,19.32001555786917,200.0,193.20015557869172
L3_4C36L,140,110,360.178,36,36,375.0073757171631,5,0,16,13.308738003620052,200.0,133.0873800362005
L3_4C36L,141,101,339.44,36,36,365.9816150665283,11,0,19,16.72795198816171,170.0,167.27951988161706
L3_4C36L,142,102,379.551,36,36,373.3930854797363,6,0,31,17.023044086422658,190.0,170.23044086422655
L3_4C36L,143,103,633.934,36,36,343.3811264038086,7,0,77,32.06293050522904,210.0,320.6293050522904
L3_4C36L,144,104,362.565,36,36,374.2408242225647,8,0,23,19.19723817749176,170.0,191.97238177491758
L3_4C36L,145,105,392.27,36,36,368.29814434051514,10,0,32,14.006185346947802,170.0,140.06185346947802
L3_4C36L,146,106,320.825,36,36,389.71460151672363,7,0,13,24.284664455141055,140.0,242.84664455141058
L3_4C36L,147,107,396.469,36,36,337.792724609375,19,0,30,17.357575397466288,180.0,173.57575397466286
L3_4C36L,148,108,350.308,36,36,331.33346605300903,22,0,16,23.888461750616752,170.0,238.88461750616764
L3_4C36L,149,109,391.336,36,36,363.1882543563843,11,0,49,19.372473009845365,170.0,193.7247300984537
L3_4C36L,150,110,375.138,36,36,373.7280526161194,9,0,40,10.906487293579893,170.0,109.06487293579896
L3_4C36L,151,101,391.691,36,36,368.6983833312988,9,0,39,22.67207516772101,170.0,226.7207516772101
L3_4C36L,152,102,398.499,36,36,358.2909107208252,10,0,32,20.69695646085945,190.0,206.96956460859454
L3_4C36L,153,103,449.722,36,36,353.50874042510986,9,0,34,24.970867807268377,200.0,249.7086780726838
L3_4C36L,154,104,365.153,36,36,376.34298872947693,11,0,24,23.85670030571512,140.0,238.5670030571512
L3_4C36L,155,105,363.119,36,36,355.4700355529785,17,0,30,20.099879579032343,150.0,200.9987957903235
L3_4C36L,156,106,296.657,36,36,376.52414894104004,9,0,17,23.252824595793825,160.0,232.52824595793825
L3_4C36L,157,107,426.491,36,36,368.00011444091797,9,0,53,23.332952802224582,170.0,233.32952802224582
L3_4C36L,158,108,326.987,36,36,366.9041404724121,9,0,13,13.652869165054403,190.0,136.528691650544
L3_4C36L,159,109,459.262,36,36,336.20542764663696,12,0,52,25.981918379892782,220.0,259.81918379892784
L3_4C36L,160,110,410.653,36,36,373.5963912010193,10,0,34,8.012032919039513,160.0,80.12032919039514
L3_4C36L,161,101,357.637,36,36,405.12350273132324,3,0,27,19.588309914669342,130.0,195.88309914669344
L3_4C36L,162,102,393.471,36,36,363.0305104255676,10,0,37,23.231634452785414,180.0,232.31634452785408
L3_4C36L,163,103,518.528,36,36,349.0087423324585,4,0,39,29.970861890021325,240.0,299.7086189002133
L3_4C36L,164,104,387.304,36,36,361.2339868545532,15,0,22,19.220044824079388,150.0,192.2004482407939
L3_4C36L,165,105,388.905,36,36,378.2306971549988,8,0,31,12.564337927086672,160.0,125.64337927086673
L3_4C36L,166,106,440.746,36,36,375.70094537734985,8,0,39,27.663537159188493,150.0,276.635371591885
L3_4C36L,167,107,421.467,36,36,339.3748655319214,16,0,39,22.08375950739314,190.0,220.83759507393137
L3_4C36L,168,108,375.587,36,36,344.7830123901367,20,0,29,24.05662669970157,150.0,240.56626699701573
L3_4C36L,169,109,483.629,36,36,380.3020348548889,5,0,57,22.326544685029397,160.0,223.265446850294
L3_4C36L,170,110,308.53,36,36,351.7280101776123,13,0,0,10.906613395985618,210.0,109.06613395985616
L3_4C36L,171,101,445.233,36,36,371.32698678970337,8,0,47,22.24336819557398,170.0,222.43368195573984
L3_4C36L,172,102,383.588,36,36,392.68064308166504,7,0,23,21.064514672253626,130.0,210.64514672253628
L3_4C36L,173,103,415.705,36,36,368.07984733581543,5,0,25,24.73384938564928,200.0,247.33849385649282
L3_4C36L,174,104,313.458,36,36,374.1906032562256,12,0,7,19.364689857807587,150.0,193.64689857807585
L3_4C36L,175,105,367.55,36,36,349.58759212493896,14,0,23,14.708025987249226,190.0,147.08025987249223
L3_4C36L,176,106,346.491,36,36,363.0262203216553,14,0,22,29.91260761783337,150.0,299.1260761783337
L3_4C36L,177,107,464.331,36,36,390.36937713623047,2,0,61,18.768742250128643,160.0,187.68742250128636
L3_4C36L,178,108,378.267,36,36,365.4947214126587,12,0,27,15.017588489452926,160.0,150.17588489452928
L3_4C36L,179,109,390.167,36,36,337.89376640319824,15,0,29,30.35409549135626,200.0,303.54095491356253
L3_4C36L,180,110,348.577,36,36,369.75067234039307,10,0,19,14.164425972186867,170.0,141.64425972186868
L3_4C36L,181,101,378.764,36,36,401.35055351257324,3,0,34,12.164827448544628,140.0,121.64827448544632
L3_4C36L,182,102,286.358,36,36,372.15953254699707,13,0,9,17.801587491378314,150.0,178.01587491378314
L3_4C36L,183,103,459.507,36,36,339.38142013549805,10,0,26,22.061922668351176,230.0,220.61922668351178
L3_4C36L,184,104,389.427,36,36,362.38496494293213,12,0,12,25.383433904603024,170.0,253.8343390460302
L3_4C36L,185,105,421.822,36,36,342.80867528915405,14,0,25,17.3044160957582,200.0,173.04416095758197
L3_4C36L,186,106,356.128,36,36,365.28435707092285,7,0,23,34.05215700249987,190.0,340.52157002499865
L3_4C36L,187,107,483.37,36,36,347.16689109802246,9,0,69,21.110352337681263,210.0,211.10352337681266
L3_4C36L,188,108,289.261,36,36,374.7178249359131,11,0,4,17.607251528576363,160.0,176.07251528576367
L3_4C36L,189,109,439.455,36,36,347.85282278060913,13,0,40,30.490591008167517,180.0,304.90591008167524
L3_4C36L,190,110,354.194,36,36,373.00102043151855,8,0,15,16.66326844077592,180.0,166.6326844077592
L3_4C36L,191,101,378.405,36,36,391.49851512908936,10,0,42,15.004951012701488,110.0,150.0495101270149
L3_4C36L,192,102,390.063,36,36,377.9538197517395,9,0,30,16.82059265387222,150.0,168.20592653872222
L3_4C36L,193,103,517.128,36,36,350.99621772766113,1,0,39,28.345944601987203,260.0,283.45944601987196
L3_4C36L,194,104,454.323,36,36,376.00416803359985,9,0,42,23.319433639653397,140.0,233.19433639653397
L3_4C36L,195,105,384.773,36,36,374.02364921569824,5,0,25,9.921175694701482,200.0,99.21175694701483
L3_4C36L,196,106,421.855,36,36,362.16853427886963,6,0,59,27.771529576345024,200.0,277.7152957634503
L3_4C36L,197,107,354.823,36,36,350.718243598938,16,0,18,25.939170526887317,170.0,259.3917052688732
L3_4C36L,198,108,353.651,36,36,385.44403553009033,3,0,23,18.51988241113015,180.0,185.1988241113015
L3_4C36L,199,109,586.071,36,36,363.8277096748352,6,0,91,33.90763389609227,170.0,339.07633896092267
L3_4C36L,200,110,341.035,36,36,372.88994240760803,8,0,15,17.033495571906343,180.0,170.33495571906343
L3_4C36L,201,101,400.077,36,36,388.8163170814514,3,0,36,13.945614897670222,170.0,139.4561489767022
L3_4C36L,202,102,369.461,36,36,367.51470279693604,7,0,21,26.617656717152286,190.0,266.1765671715229
L3_4C36L,203,103,438.544,36,36,348.7554178237915,7,0,21,29.14859370864054,230.0,291.4859370864054
L3_4C36L,204,104,395.808,36,36,367.4086503982544,12,0,29,15.304479048024765,160.0,153.04479048024766
L3_4C36L,205,105,363.782,36,36,366.37173080444336,10,0,23,15.42757216635791,180.0,154.27572166357913
L3_4C36L,206,106,391.269,36,36,364.90913486480713,8,0,36,30.302874727726067,180.0,303.02874727726066
L3_4C36L,207,107,461.291,36,36,373.3540472984314,7,0,46,18.81984422035152,170.0,188.19844220351524
L3_4C36L,208,108,305.041,36,36,376.9578914642334,11,0,15,15.14035028592131,150.0,151.40350285921315
L3_4C36L,209,109,427.538,36,36,352.6053237915039,9,0,32,29.64890572517611,200.0,296.4890572517612
L3_4C36L,210,110,365.314,36,36,365.2328052520752,9,0,11,19.223974180615947,190.0,192.23974180615951
L3_4C36L,211,101,373.839,36,36,397.31955909729004,1,0,32,12.268105593589945,170.0,122.68105593589945
L3_4C36L,212,102,386.135,36,36,360.3907995223999,11,0,23,22.03066485666443,180.0,220.30664856664436
L3_4C36L,213,103,494.419,36,36,358.20194911956787,4,0,41,25.993503295743523,220.0,259.93503295743517
L3_4C36L,214,104,402.627,36,36,371.69104528427124,11,0,24,24.363196053431153,150.0,243.63196053431153
L3_4C36L,215,105,422.188,36,36,353.28668785095215,6,0,28,22.377696753380356,230.0,223.77696753380357
L3_4C36L,216,106,404.641,36,36,382.63920640945435,8,0,51,17.86930743902633,140.0,178.69307439026323
L3_4C36L,217,107,452.42,36,36,360.12474250793457,9,0,57,22.917519460007394,180.0,229.17519460007387
L3_4C36L,218,108,326.504,36,36,383.8183102607727,6,0,17,13.938963553869026,170.0,139.38963553869027
L3_4C36L,219,109,482.802,36,36,343.85518646240234,10,0,58,28.816059093310837,210.0,288.16059093310844
L3_4C36L,220,110,359.869,36,36,367.83629035949707,10,0,16,13.879037909014487,180.0,138.79037909014488
L3_4C36L,221,101,435.575,36,36,360.5549397468567,9,0,52,14.816879250956056,190.0,148.16879250956057
L3_4C36L,222,102,331.7,36,36,372.54182624816895,11,0,12,16.52723909155367,160.0,165.2723909155367
L3_4C36L,223,103,454.74,36,36,363.3423271179199,5,0,37,18.858902857843635,210.0,188.58902857843634
L3_4C36L,224,104,351.497,36,36,392.40918922424316,5,0,14,21.969358792463538,150.0,219.69358792463532
L3_4C36L,225,105,398.62,36,36,378.6237406730652,6,0,32,12.920866310177619,170.0,129.20866310177618
L3_4C36L,226,106,454.493,36,36,354.9062166213989,12,0,51,23.64595235647243,170.0,236.4595235647243
L3_4C36L,227,107,545.542,36,36,357.9408473968506,5,0,80,16.863860179627554,210.0,168.6386017962755
L3_4C36L,228,108,316.835,36,36,377.41768169403076,8,0,14,15.274390605535322,170.0,152.74390605535322
L3_4C36L,229,109,462.983,36,36,366.784628868103,8,0,57,25.71791337075947,170.0,257.17913370759464
L3_4C36L,230,110,328.885,36,36,375.3934097290039,9,0,15,12.021980348974457,170.0,120.21980348974458
L3_4C36L,231,101,343.38,36,36,401.2418088912964,3,0,24,20.86062624365351,140.0,208.6062624365352
L3_4C36L,232,102,320.924,36,36,368.6257743835449,15,0,13,21.24740154299165,140.0,212.4740154299165
L3_4C36L,233,103,465.269,36,36,356.2450613975525,7,0,36,22.51646845311236,210.0,225.16468453112358
L3_4C36L,234,104,416.131,36,36,372.26037073135376,9,0,31,15.798761518805033,170.0,157.98761518805034
L3_4C36L,235,105,402.116,36,36,381.70988845825195,3,0,16,17.633687707734506,190.0,176.3368770773451
L3_4C36L,236,106,449.357,36,36,345.64225578308105,15,0,34,31.192463047553346,170.0,311.9246304755334
L3_4C36L,237,107,574.478,36,36,350.86185932159424,8,0,89,23.793786136143563,200.0,237.9378613614356
L3_4C36L,238,108,342.28,36,36,390.644567489624,4,0,17,17.85144840612038,160.0,178.51448406120377
L3_4C36L,239,109,478.718,36,36,339.6246361732483,12,0,46,27.91789484126187,210.0,279.17894841261864
L3_4C36L,240,110,396.473,36,36,379.99072647094727,4,0,20,13.364226615141948,190.0,133.6422661514195
L3_4C36L,241,101,338.636,36,36,373.32154273986816,8,0,23,15.594860892044967,180.0,155.9486089204497
L3_4C36L,242,102,369.219,36,36,369.3653678894043,12,0,36,22.115443884510867,150.0,221.15443884510864
L3_4C36L,243,103,512.971,36,36,350.9846878051758,2,0,45,31.717708550871897,250.0,317.17708550871896
L3_4C36L,244,104,325.14,36,36,394.5578889846802,5,0,14,16.473688083970796,150.0,164.7368808397079
L3_4C36L,245,105,440.727,36,36,353.47621726989746,5,0,37,13.412603319671227,240.0,134.12603319671229
L3_4C36L,246,106,389.734,36,36,370.48638010025024,10,0,35,18.378723631451404,160.0,183.787236314514
L3_4C36L,247,107,373.365,36,36,378.79617977142334,10,0,25,24.012744290971014,140.0,240.12744290971017
L3_4C36L,248,108,396.959,36,36,351.8537588119507,16,0,52,20.487460741057316,160.0,204.87460741057313
L3_4C36L,249,109,413.405,36,36,360.3900909423828,7,0,36,30.366369613605737,200.0,303.6636961360574
L3_4C36L,250,110,323.531,36,36,375.4967107772827,10,0,13,8.344299445826252,170.0,83.44299445826253
L3_4C36L,251,101,399.261,36,36,396.27589654922485,2,0,35,12.41368324706184,160.0,124.13683247061843
L3_4C36L,252,102,278.735,36,36,393.00986671447754,8,0,1,16.633784356284316,140.0,166.33784356284315
L3_4C36L,253,103,440.696,36,36,354.9407150745392,5,0,31,21.86428613270126,230.0,218.64286132701264
L3_4C36L,254,104,313.164,36,36,375.0371000766754,13,0,17,13.209682003048224,140.0,132.09682003048223
L3_4C36L,255,105,447.534,36,36,355.21392345428467,8,0,37,15.953594395944389,210.0,159.53594395944387
L3_4C36L,256,106,470.974,36,36,358.4435758590698,14,0,52,18.521402387223755,150.0,185.21402387223748
L3_4C36L,257,107,446.7,36,36,359.9549822807312,13,0,40,23.48338785328709,160.0,234.8338785328709
L3_4C36L,258,108,325.088,36,36,360.94676971435547,11,0,15,15.177448089657549,190.0,151.77448089657548
L3_4C36L,259,109,612.989,36,36,344.8131446838379,11,0,67,33.95619592701383,180.0,339.5619592701384
L3_4C36L,260,110,398.838,36,36,374.12912940979004,6,0,25,12.902882813834523,190.0,129.02882813834523
L3_4C36L,261,101,417.131,36,36,392.42404556274414,2,0,45,18.586541650857953,160.0,185.86541650857953
L3_4C36L,262,102,329.357,36,36,365.7635440826416,9,0,14,24.121531603334773,190.0,241.21531603334773
L3_4C36L,263,103,440.32,36,36,327.709921836853,13,0,38,30.966912691225136,230.0,309.6691269122513
L3_4C36L,264,104,374.434,36,36,376.11877727508545,12,0,15,19.60406978980628,140.0,196.04069789806283
L3_4C36L,265,105,364.212,36,36,353.08864545822144,17,0,40,13.037852608132352,160.0,130.37852608132354
L3_4C36L,266,106,397.471,36,36,348.00406646728516,17,0,32,29.986454261356712,160.0,299.86454261356715
L3_4C36L,267,107,408.96,36,36,345.16278076171875,14,0,24,29.457378387193014,190.0,294.5737838719302
L3_4C36L,268,108,508.196,36,36,359.8235878944397,6,0,51,33.92136237614228,190.0,339.2136237614227
L3_4C36L,269,109,398.718,36,36,360.49886894226074,9,0,25,21.670448825295054,190.0,216.70448825295054
L3_4C36L,270,110,359.271,36,36,349.01604652404785,14,0,18,9.946528059150793,200.0,99.4652805915079
L3_4C36L,271,101,376.262,36,36,376.4945526123047,6,0,22,18.35150015418909,180.0,183.51500154189094
L3_4C36L,272,102,315.243,36,36,347.014817237854,20,0,15,16.61728045359023,160.0,166.17280453590232
L3_4C36L,273,103,438.299,36,36,354.8275957107544,5,0,27,27.24134680258814,230.0,272.41346802588134
L3_4C36L,274,104,442.46,36,36,353.2709102630615,10,0,47,29.096944706184228,190.0,290.96944706184223
L3_4C36L,275,105,409.651,36,36,364.03952407836914,6,0,28,13.201575599708748,210.0,132.0157559970875
L3_4C36L,276,106,323.336,36,36,394.2235870361328,8,0,20,22.58804196069144,120.0,225.88041960691442
L3_4C36L,277,107,376.762,36,36,369.0341730117798,13,0,23,19.8860868490477,150.0,198.86086849047695
L3_4C36L,278,108,292.916,36,36,370.29282665252686,8,0,11,15.690566003349128,190.0,156.90566003349127
L3_4C36L,279,109,459.133,36,36,368.5356454849243,5,0,57,21.547837167394043,190.0,215.47837167394047
L3_4C36L,280,110,303.554,36,36,391.93282318115234,6,0,8,8.557245360293804,160.0,85.57245360293803
L3_4C36L,281,101,373.718,36,36,351.4336757659912,11,0,30,18.55441077376767,200.0,185.54410773767674
L3_4C36L,282,102,340.242,36,36,339.4182252883911,18,0,14,21.939260319067273,190.0,219.39260319067273
L3_4C36L,283,103,470.37,36,36,359.6430015563965,3,0,25,24.523337976864696,230.0,245.23337976864693
L3_4C36L,284,104,299.818,36,36,377.29114532470703,13,0,10,19.029502781534248,130.0,190.29502781534248
L3_4C36L,285,105,375.226,36,36,364.04047107696533,8,0,18,13.198427317120096,200.0,131.98427317120098
L3_4C36L,286,106,425.436,36,36,365.5380187034607,12,0,41,21.539931706859075,150.0,215.39931706859073
L3_4C36L,287,107,340.507,36,36,352.6004319190979,17,0,25,21.331899128812005,160.0,213.31899128812003
L3_4C36L,288,108,386.045,36,36,374.20310497283936,7,0,18,15.989654948042926,180.0,159.89654948042923
L3_4C36L,289,109,452.403,36,36,362.43816566467285,6,0,44,25.206110917542162,200.0,252.06110917542162
L3_4C36L,290,110,449.032,36,36,359.8324065208435,8,0,30,20.55865638044977,200.0,205.58656380449767
L3_4C36L,291,101,389.46,36,36,396.18189764022827,7,0,51,16.060342044539677,120.0,160.60342044539675
L3_4C36L,292,102,316.247,36,36,358.61592960357666,13,0,5,21.2802282728484,180.0,212.802282728484
L3_4C36L,293,103,520.201,36,36,362.8854036331177,2,0,58,23.715311334881186,220.0,237.15311334881184
L3_4C36L,294,104,396.733,36,36,387.1692214012146,8,0,22,16.10258977154326,140.0,161.02589771543262
L3_4C36L,295,105,495.115,36,36,360.7292652130127,7,0,58,14.235787805773892,200.0,142.3578780577389
L3_4C36L,296,106,294.816,36,36,372.1683807373047,12,0,16,22.772074367884677,150.0,227.72074367884682
L3_4C36L,297,107,329.051,36,36,357.79776096343994,17,0,17,17.34078747002847,150.0,173.40787470028462
L3_4C36L,298,108,351.872,36,36,368.7479133605957,9,0,18,20.84029398166275,180.0,208.4029398166275
L3_4C36L,299,109,484.515,36,36,366.01306676864624,10,0,55,19.95644543235426,160.0,199.56445432354258
L3_4C36L,300,110,329.5,36,36,367.45356273651123,9,0,12,11.821472434815947,190.0,118.21472434815946
